region,state
West, WA
West, OR
West, CA
West, ID
West, MT
West, WY
West, NV
West, UT
West, AK
West, HI
West, CO
Southwest, AZ
Southwest, NM
Southwest, OK
Southwest, TX
Midwest, ND
Midwest, SD
Midwest, NE
Midwest, KS
Midwest, MO
Midwest, IA
Midwest, MN
Midwest, WI
Midwest, IL
Midwest, IN
Midwest, MI
Midwest, OH
Southeast, AR
Southeast, LA
Southeast, MS
Southeast, TN
Southeast, AL
Southeast, KY
Southeast, GA
Southeast, FL
Southeast, SC
Southeast, NC
Southeast, VA
Southeast, WV
Southeast, MD
Southeast, DE
Northeast, PA
Northeast, NJ
Northeast, CT
Northeast, RI
Northeast, MA
Northeast, NH
Northeast, NY
Northeast, VT
Northeast, ME
